{"cameraMode":{"drawMode":0,"name":"Shaded","section":"Shading Mode"},"sceneLighting":true,"audioPlay":false,"sceneViewState":{"showFog":true,"showMaterialUpdate":false,"showSkybox":true,"showFlares":true,"showImageEffects":true,"showParticleSystems":true},"in2DMode":false,"pivot":{"x":6.111044406890869,"y":-1.2110416889190674,"z":13.577250480651856},"rotation":{"x":-0.17398470640182496,"y":0.6754467487335205,"z":-0.16874003410339356,"w":-0.6964394450187683},"size":22.09979820251465,"orthographic":false}