{"cameraMode":{"drawMode":0,"name":"Shaded","section":"Shading Mode"},"sceneLighting":true,"audioPlay":false,"sceneViewState":{"showFog":true,"showMaterialUpdate":false,"showSkybox":true,"showFlares":true,"showImageEffects":true,"showParticleSystems":true},"in2DMode":false,"pivot":{"x":386.8984069824219,"y":233.74868774414063,"z":157.32205200195313},"rotation":{"x":0.06472288072109223,"y":0.03591380640864372,"z":-0.002329898765310645,"w":0.9972654581069946},"size":690.9197387695313,"orthographic":true}