{"cameraMode":{"drawMode":0,"name":"Shaded","section":"Shading Mode"},"sceneLighting":false,"audioPlay":false,"sceneViewState":{"showFog":true,"showMaterialUpdate":false,"showSkybox":false,"showFlares":true,"showImageEffects":true,"showParticleSystems":true},"in2DMode":false,"pivot":{"x":346.3419494628906,"y":116.31817626953125,"z":8.868054389953614},"rotation":{"x":0.06472288072109223,"y":0.03591380640864372,"z":-0.002329898765310645,"w":0.9972654581069946},"size":22.0,"orthographic":true}