{"cameraMode":{"drawMode":0,"name":"Shaded","section":"Shading Mode"},"sceneLighting":false,"audioPlay":false,"sceneViewState":{"showFog":true,"showMaterialUpdate":false,"showSkybox":false,"showFlares":true,"showImageEffects":true,"showParticleSystems":true},"in2DMode":false,"pivot":{"x":5.960464477539063e-8,"y":1.1776902675628663,"z":0.0038115978240966799},"rotation":{"x":-0.02806076779961586,"y":-0.7632212042808533,"z":-0.03322147578001022,"w":0.6446791887283325},"size":4.479872703552246,"orthographic":true}