{"cameraMode":{"drawMode":0,"name":"Shaded","section":"Shading Mode"},"sceneLighting":false,"audioPlay":false,"sceneViewState":{"showFog":true,"showMaterialUpdate":false,"showSkybox":false,"showFlares":true,"showImageEffects":true,"showParticleSystems":true},"in2DMode":false,"pivot":{"x":5.960464477539063e-8,"y":1.3088127374649048,"z":-0.0036813020706176759},"rotation":{"x":0.06472288072109223,"y":0.03591380640864372,"z":-0.002329898765310645,"w":0.9972654581069946},"size":6.2041850090026859,"orthographic":true}